"px_unit","wf_unit"
1,"24"
2,"23"
3,"25"
4,"46"
5,"7"
6,"20"
7,"22"
7,"38"
8,"3"
8,"5"
8,"11"
8,"14"
8,"21"
8,"26"
8,"27"
8,"31"
8,"32"
8,"34"
8,"39"
8,"44"
8,"45"
8,"48"
8,"50"
8,"56"
9,"13"
10,"16"
11,"22"
11,"38"
12,"12"
13,"'9'"
14,"6"
15,"40"
16,"24"
17,"37"
18,"49"
19,"8"
20,"4"
21,"10"
22,"15"
23,"51"
24,"29"
25,"55"
26,"17"
27,"43"
28,"36"
29,"2"
30,"15"
31,"47"
32,"52"
33,"33"
34,"18"
35,"42"
36,"54"
37,"35"
38,"53"
39,"53"
40,"53"
41,"28"
42,"19"
43,"1"
44,"30"
45,"41"
